{"type": "metrics", "dataset": "train", "precision": 0.9995761813943632, "balanced_accuracy": 0.9988807951840237, "recall": 0.997884493336154, "f1_score": 0.9987296210035994}
{"type": "metrics", "dataset": "test", "precision": 0.6539440203562341, "balanced_accuracy": 0.6731693255950721, "recall": 0.4038763750654793, "f1_score": 0.4993523316062176}
{"type": "cm_matrix", "dataset": "train", "true_0": {"predicted_0": 16271, "predicted_1": 2}, "true_1": {"predicted_0": 10, "predicted_1": 4717}}
{"type": "cm_matrix", "dataset": "test", "true_0": {"predicted_0": 6683, "predicted_1": 408}, "true_1": {"predicted_0": 1138, "predicted_1": 771}}
